,alpha,value
0,0.8,4.125410200556293
0,0.81,4.125410200556293
0,0.8200000000000001,4.125410200556293
