,alpha,value
0,0.01,0.14495083723226346
0,0.02,0.14495083723226346
0,0.03,0.14495083723226346
0,0.04,0.14495083723226346
0,0.05,0.14495083723226346
