,alpha,value
0,0.01,0.14363694461454235
0,0.02,0.143459935953837
0,0.03,0.1433066907777328
